EDCS-ID,publication,province,place,inscription,inscription_conservative_cleaning,inscription_interpretive_cleaning,inscr_type,status_notation,inscr_process,clean_text_conservative,clean_text_interpretive_word,status,material,partner_link,dating_from,dating_to,date_not_before,date_not_after,latitude,longitude,photo,raw_dating,language,comment,extra_text,extra_html
EDCS-17200188,"CIL 06, 00086 (p 3755, 4107) = D 04254 = CIMRM-01, 00336",Roma,Roma,Deo Caute / Flavius Antistianus / v(ir) e(gregius) de decem primis / pater patrum,Deo Caute Flavius Antistianus v e de decem primis pater patrum,Deo Caute Flavius Antistianus vir egregius de decem primis pater patrum,tituli sacri,"['ordo equester', 'sacerdotes pagani', 'tria nomina', 'viri']",{},Deo Caute Flavius Antistianus v e de decem primis pater patrum,Deo Caute Flavius Antistianus vir egregius de decem primis pater patrum,ordo equester;  sacerdotes pagani;  tituli sacri;  tria nomina;  viri,lapis,http://db.edcs.eu/epigr/partner.php?s_language=en&param=N161222;de-b0161,151.0,400.0,151.0,400.0,41.8933203,12.4829321,,151 to 400,,,,
EDCS-07800429,"CIL 07, 00061 = RIB-01, 00187",Britannia,West Coker,Deo Marti / Rigisamo / Iu(v)entius / Sabinus / v(otum) s(olvit) l(ibens) l(aetus) m(erito),Deo Marti Rigisamo Iuentius Sabinus v s l l m,Deo Marti Rigisamo Iuventius Sabinus votum solvit libens laetus merito,tituli sacri,"['tria nomina', 'viri']",{},Deo Marti Rigisamo Iuentius Sabinus v s l l m,Deo Marti Rigisamo Iuventius Sabinus votum solvit libens laetus merito,tituli sacri;  tria nomina;  viri,aes,http://db.edcs.eu/epigr/partner.php?s_language=en&param=ko0045741;cil07_p28;R187;HD069501;bu_RIB%26bibl_volume=1%26bibl_subvolume=%26bibl_insc=187,43.0,410.0,43.0,410.0,50.9192175,-2.6869384,http://db.edcs.eu/epigr/bilder.php?bilder.php?s_language=en&bild=SCH0000193;SCH0000194,43 to 410,,,,
EDCS-07800982,"RIB-01, 00691",Britannia,York / Eboracum,D(is) M(anibus) / U[l]piae Felicissimae / q[u]ae vixit annis(!) / X[X]III menses XI dies / [6] / p[osueru]nt Ulpius Felix et / [3] Andronica / [paren]tes,D M U piae Felicissimae q ae vixit annis X III menses XI dies p nt Ulpius Felix et Andronica tes,Dis Manibus Ulpiae Felicissimae quae vixit annis XXIII menses XI dies posuerunt Ulpius Felix et Andronica parentes,tituli sepulcrales,"['mulieres', 'tria nomina', 'viri']",{},D M U piae Felicissimae q ae vixit annis X III menses XI dies p nt Ulpius Felix et Andronica tes,Dis Manibus Ulpiae Felicissimae quae vixit annis XXIII menses XI dies posuerunt Ulpius Felix et Andronica parentes,mulieres;  tituli sepulcrales;  tria nomina;  viri,plumbum,http://db.edcs.eu/epigr/partner.php?s_language=en&param=R691;HD069953,71.0,410.0,71.0,410.0,53.9590555,-1.0815361,http://db.edcs.eu/epigr/bilder.php?bilder.php?s_language=en&bild=$RIB_01_00691.jpg,71 to 410,,cinerarium,,
EDCS-15100098,"Zarker 00013 = AE 1939, +00007 = AE 1939, 00169 = AE 1941, 00093 = AE 1948, 00085 = AE 1948, 00135 = AE 1949, +00145",Transpadana / Regio XI,Angera / Angleria / Mediolanum,Acas[tus Aco] // In circo palma semper et laurus viret / ne desit / unquam praemium victoribus,Acas In circo palma semper et laurus viret ne desit unquam praemium victoribus,Acastus Aco In circo palma semper et laurus viret ne desit unquam praemium victoribus,{},{},{},Acas In circo palma semper et laurus viret ne desit unquam praemium victoribus,Acastus Aco In circo palma semper et laurus viret ne desit unquam praemium victoribus,,,http://db.edcs.eu/epigr/partner.php?s_language=en&param=N073476;HD021333;1ae1939-08;1ae1939-58;1ae1939-59;1ae1941-30;1ae1941-31;1ae1948-34;1ae1948-53;1ae1949-47,1.0,500.0,1.0,500.0,45.7721876,8.5751222,http://db.edcs.eu/epigr/bilder.php?bilder.php?s_language=en&bild=$AE_1939_00169.jpg,1 to 500,,,,
EDCS-25601160,"CIL 08, 09980 = ILCV 02865a",Mauretania Caesariensis,Lalla Maghnia / Numerus Syrorum,D(is) M(anibus) s(acrum) / Iulia Se/cunda qui(!) / vixit anni/s plus min/us XC disces/sit Idus Iun(ias) / an(no) {p} p(rovinciae) C[,D M s Iulia Secunda qui vixit annis plus minus XC discessit Idus Iun an p p C,Dis Manibus sacrum Iulia Secunda qui vixit annis plus minus XC discessit Idus Iunias anno provinciae C,"['inscriptiones christianae', 'tituli sepulcrales']","['mulieres', 'tria nomina']",{},D M s Iulia Secunda qui vixit annis plus minus XC discessit Idus Iun an p p C,Dis Manibus sacrum Iulia Secunda qui vixit annis plus minus XC discessit Idus Iunias anno provinciae C,inscriptiones christianae;  mulieres;  tituli sepulcrales;  tria nomina,,http://db.edcs.eu/epigr/partner.php?s_language=en&param=bu_CIL%26bibl_volume=8%26bibl_subvolume=%26bibl_insc=9980,139.0,400.0,139.0,400.0,34.8469034,-1.7389418,,139 to 400,,,,
EDCS-39101769,"ICUR-07, 18497 = ILCV +03047",Roma,Roma,[Tala]ssio Aurelio bene merent[i] / [fili]o bono innocentissimo parent[es] / [fece]runt qui <v=B>ixit annis XLVI et me(n)ses(!) / [d]epos(s)ione Id(ib)us Septe<m=N>bre(s!) / in pace,ssio Aurelio bene merent o bono innocentissimo parent runt qui Bixit annis XLVI et meses eposione Idus SepteNbre in pace,Talassio Aurelio bene merenti filio bono innocentissimo parentes fecerunt qui vixit annis XLVI et menses depossione Idibus Septembres in pace,"['inscriptiones christianae', 'tituli sepulcrales']","['tria nomina', 'viri']",{},ssio Aurelio bene merent o bono innocentissimo parent runt qui Bixit annis XLVI et meses eposione Idus SepteNbre in pace,Talassio Aurelio bene merenti filio bono innocentissimo parentes fecerunt qui vixit annis XLVI et menses depossione Idibus Septembres in pace,inscriptiones christianae;  tituli sepulcrales;  tria nomina;  viri,,http://db.edcs.eu/epigr/partner.php?s_language=en&param=J28980;047;bu_ICUR%26bibl_volume=7%26bibl_subvolume=%26bibl_insc=18497,301.0,400.0,301.0,400.0,41.8933203,12.4829321,,301 to 400,,,,
EDCS-38100823,"ICUR-02, 05995",Roma,Roma,[3 vixit] ann(os) XII men[s(e)s 3] / [3 Cl(audio) Antonio et] Fl(avio) Syagrio v[v(iris) cc(larissimis) cons(ulibu)s] / [3 vixit a]nn(os) XI mens(e)s I[3] / [3 FFll(avis) Saturnino et] Merobaude c[ons(ulibus),ann XII men Fl Syagrio v nn XI menss I Merobaude cons,vixit annos XII menses Claudio Antonio et Flavio Syagrio vviris cclarissimis consulibus vixit annos XI menses I FFllavis Saturnino et Merobaude consulibus,"['inscriptiones christianae', 'tituli sepulcrales']",{},{},ann XII men Fl Syagrio v nn XI menss I Merobaude cons,vixit annos XII menses Claudio Antonio et Flavio Syagrio vviris cclarissimis consulibus vixit annos XI menses I FFllavis Saturnino et Merobaude consulibus,inscriptiones christianae;  tituli sepulcrales,,http://db.edcs.eu/epigr/partner.php?s_language=en&param=J20813,376.0,400.0,376.0,400.0,41.8933203,12.4829321,,376 to 400,,,,
EDCS-30600408,"ICUR-10, 26784 (p 245)",Roma,Roma,Peregrina F[i]leroti co(n)iu/gi qui vixit me[cum] an(n)is XIII dulcis/simo ben[e me]renti,Peregrina F leroti coiugi qui vixit me anis XIII dulcissimo ben renti,Peregrina Fileroti coniugi qui vixit mecum annis XIII dulcissimo bene merenti,"['inscriptiones christianae', 'tituli sepulcrales']","['mulieres', 'nomen singulare', 'viri']",{},Peregrina F leroti coiugi qui vixit me anis XIII dulcissimo ben renti,Peregrina Fileroti coniugi qui vixit mecum annis XIII dulcissimo bene merenti,inscriptiones christianae;  mulieres;  nomen singulare;  tituli sepulcrales;  viri,,http://db.edcs.eu/epigr/partner.php?s_language=en&param=J6755,351.0,400.0,351.0,400.0,41.8933203,12.4829321,,351 to 400,,,,
EDCS-36901807,"ICUR-04, 10922 = ILCV 04239 = Louvre 00848",Roma,Roma,Iubena<t=I>i Trigris marito in pace qui <v=B>ixit an(nos) XXIIII / m(enses) duo d(e)p(ositus) in pace XI Kal(endas) No<v=B>(embres) qu<i=E> fecit cum uxore{m} an(num) I m(enses) VII,IubenaIi Trigris marito in pace qui Bixit an XXIIII m duo dp in pace XI Kal NoB quE fecit cum uxorem an I m VII,Iubenati Trigris marito in pace qui vixit annos XXIIII menses duo depositus in pace XI Kalendas Novembres qui fecit cum uxore annum I menses VII,"['inscriptiones christianae', 'tituli sepulcrales']","['mulieres', 'nomen singulare', 'viri']",{},IubenaIi Trigris marito in pace qui Bixit an XXIIII m duo dp in pace XI Kal NoB quE fecit cum uxorem an I m VII,Iubenati Trigris marito in pace qui vixit annos XXIIII menses duo depositus in pace XI Kalendas Novembres qui fecit cum uxore annum I menses VII,inscriptiones christianae;  mulieres;  nomen singulare;  tituli sepulcrales;  viri,,http://db.edcs.eu/epigr/partner.php?s_language=en&param=J39251;bu_ILCV%26bibl_volume=%26bibl_subvolume=%26bibl_insc=4239,301.0,400.0,301.0,400.0,41.8933203,12.4829321,,301 to 400,,,,
EDCS-38700700,"ICUR-01, 01157 = ILCV 02991a (em)",Roma,Roma,Minuciae Felicissim(a)e nepo[ti] / Abiae suae bene mere(n)ti qu(a)e <v=B>i[xit] / ann(os) LXXVI de(posita) VIII Kal(endas) Aug(ustas) in pa[ce],Minuciae Felicissime nepo Abiae suae bene mereti que Bi ann LXXVI de VIII Kal Aug in pa,Minuciae Felicissimae nepoti Abiae suae bene merenti quae vixit annos LXXVI deposita VIII Kalendas Augustas in pace,"['inscriptiones christianae', 'tituli sepulcrales']","['mulieres', 'nomen singulare', 'tria nomina']",{},Minuciae Felicissime nepo Abiae suae bene mereti que Bi ann LXXVI de VIII Kal Aug in pa,Minuciae Felicissimae nepoti Abiae suae bene merenti quae vixit annos LXXVI deposita VIII Kalendas Augustas in pace,inscriptiones christianae;  mulieres;  nomen singulare;  tituli sepulcrales;  tria nomina,,http://db.edcs.eu/epigr/partner.php?s_language=en&param=J30101;bu_ILCV%26bibl_volume=%26bibl_subvolume=%26bibl_insc=2991a,301.0,400.0,301.0,400.0,41.8933203,12.4829321,,301 to 400,,,,
EDCS-25401770,"ICUR-02, 05099",Roma,Roma,] / [3]ΝΑ[3] / [ἔτη ε](ἴ)κοσι ἐβίω[σεν 3] / [3] πλέον ἀλλ[3] / [3] πηνήτηι [3] / [3] ὑπατίᾳ τοῦ [δεσπότου ἡμῶν 3] / [3] ςʹ πρὸ γʹ [3],ΝΑ κοσι ἐβίω πλέον ἀλλ πηνήτηι ὑπατίᾳ τοῦ ςʹ πρὸ γʹ,ΝΑ ἔτη εἴκοσι ἐβίωσεν πλέον ἀλλ πηνήτηι ὑπατίᾳ τοῦ δεσπότου ἡμῶν ςʹ πρὸ γʹ,"['inscriptiones christianae', 'tituli sepulcrales']",{},{},ΝΑ κοσι ἐβίω πλέον ἀλλ πηνήτηι ὑπατίᾳ τοῦ ςʹ πρὸ γʹ,ΝΑ ἔτη εἴκοσι ἐβίωσεν πλέον ἀλλ πηνήτηι ὑπατίᾳ τοῦ δεσπότου ἡμῶν ςʹ πρὸ γʹ,inscriptiones christianae;  tituli sepulcrales,,http://db.edcs.eu/epigr/partner.php?s_language=en&param=J10865,401.0,450.0,401.0,450.0,41.8933203,12.4829321,http://db.edcs.eu/epigr/bilder.php?bilder.php?s_language=en&bild=$ICUR_02_05099.jpg,401 to 450,,,,
EDCS-73400051,"FITrier-2018, 00060",Belgica,Trier / Augusta Treverorum,[3 inno]cens Me/[3]utelia con/[iux(?) 3 pro ca]ritate / [titulum pos]uit in / [Christ]o(?),cens Me utelia con ritate uit in o,innocens Me utelia coniux pro caritate titulum posuit in Christo,"['inscriptiones christianae', 'tituli operum', 'tituli sepulcrales']","['mulieres', 'viri']",{},cens Me utelia con ritate uit in o,innocens Me utelia coniux pro caritate titulum posuit in Christo,inscriptiones christianae;  mulieres;  tituli operum;  tituli sepulcrales;  viri,,,401.0,450.0,401.0,450.0,49.7596208,6.6441878,,401 to 450,,,,
EDCS-32900356,"ICUR-06, 17170",Roma,Roma,Rusticio et Fl(avia) Feliciane parent(es) Vincentio filio karissimo / vixit ann(is) XVII me(n)s(ibus) II dieb(us) VIII fec(erunt) in p(ace) d(e)p(ositus) IIII Non(as) Sept(embres),Rusticio et Fl Feliciane parent Vincentio filio karissimo vixit ann XVII mes II dieb VIII fec in p dp IIII Non Sept,Rusticio et Flavia Feliciane parentes Vincentio filio karissimo vixit annis XVII mensibus II diebus VIII fecerunt in pace depositus IIII Nonas Septembres,"['inscriptiones christianae', 'tituli sepulcrales']","['mulieres', 'tria nomina', 'viri']",{},Rusticio et Fl Feliciane parent Vincentio filio karissimo vixit ann XVII mes II dieb VIII fec in p dp IIII Non Sept,Rusticio et Flavia Feliciane parentes Vincentio filio karissimo vixit annis XVII mensibus II diebus VIII fecerunt in pace depositus IIII Nonas Septembres,inscriptiones christianae;  mulieres;  tituli sepulcrales;  tria nomina;  viri,,http://db.edcs.eu/epigr/partner.php?s_language=en&param=J14853,301.0,500.0,301.0,500.0,41.8933203,12.4829321,,301 to 500,,,,
EDCS-03400567,"CIL 02-14, 02166 = ICERV 00208 = RIT 01008 = CLEHisp 00127 = PELCatalans-T, 00004 = HEp 1989, 00598 = HEp 2002, 00395",Hispania citerior,Tarragona / Tarraco / Terraco,](?) / d[u]lcis et c[arus(?)] / sanctoru[m se]/de quiesces an/nis duobus men/s(i)um q(u)attuor / sic meruere tui(!),d lcis et c sanctoru de quiesces annis duobus mensum qattuor sic meruere tui,dulcis et carus sanctorum sede quiesces annis duobus mensium quattuor sic meruere tui,"['carmina', 'inscriptiones christianae', 'tituli sepulcrales']",{},{},d lcis et c sanctoru de quiesces annis duobus mensum qattuor sic meruere tui,dulcis et carus sanctorum sede quiesces annis duobus mensium quattuor sic meruere tui,carmina;  inscriptiones christianae;  tituli sepulcrales,lapis,http://db.edcs.eu/epigr/partner.php?s_language=en&param=A19899;m|appe|655;nc_t4;bu_HEp%26bibl_volume=1989%26bibl_subvolume=%26bibl_insc=598,401.0,500.0,401.0,500.0,41.1172364,1.2546057,http://db.edcs.eu/epigr/bilder.php?bilder.php?s_language=en&bild=$RIT_01008.jpg;pp,401 to 500,,,,
EDCS-37801473,"CIL 15, 07110a = Tesserae 00006a",Roma,Roma,Salvo d(omino) n(ostro) / Iulio Nepote / p(er)p(etuo) Aug(usto) // Audax v(ir) c(larissimus) / pr(a)efectus / urbi fecit,Salvo d n Iulio Nepote pp Aug Audax v c prefectus urbi fecit,Salvo domino nostro Iulio Nepote perpetuo Augusto Audax vir clarissimus praefectus urbi fecit,{},{},{},Salvo d n Iulio Nepote pp Aug Audax v c prefectus urbi fecit,Salvo domino nostro Iulio Nepote perpetuo Augusto Audax vir clarissimus praefectus urbi fecit,,aes,http://db.edcs.eu/epigr/partner.php?s_language=en&param=N145673,475.0,475.0,475.0,475.0,41.8933203,12.4829321,,475 to 475,,,,
EDCS-09000696,"CIL 02-07, 00654 = ILCV +01436 = IHC 00131 = ICERV 00161",Baetica,Cordoba / Corduba,Porpuria fa/mula Dei vix(it) / ann(os) XXXX / menses VIII reces/sit in pace d(ie) XII / K(a)l(endas) Maias (a)era / DLXIII,Porpuria famula Dei vix ann XXXX menses VIII recessit in pace d XII Kl Maias era DLXIII,Porpuria famula Dei vixit annos XXXX menses VIII recessit in pace die XII Kalendas Maias aera DLXIII,"['inscriptiones christianae', 'tituli sepulcrales']",{},{},Porpuria famula Dei vix ann XXXX menses VIII recessit in pace d XII Kl Maias era DLXIII,Porpuria famula Dei vixit annos XXXX menses VIII recessit in pace die XII Kalendas Maias aera DLXIII,inscriptiones christianae;  tituli sepulcrales,,http://db.edcs.eu/epigr/partner.php?s_language=en&param=A4251;HD029264;bu_CIL%26bibl_volume=2%26bibl_subvolume=7%26bibl_insc=654,525.0,525.0,525.0,525.0,37.8847985,-4.7763748,,525 to 525,,,,
EDCS-01000563,"CIL 06, 41420c = CIL 06, 08566 = ICUR-02, 04184 = ILCV 00110 = AE 2018, +00126 = Mossong-2022, 00077",Roma,Roma,Fl(avio) Maximo v(iro) c(larissimo) con[s(ule) 3] / concessum locum Pe[tro(?) v(iro) sp(ectabili) vicario(?) urbis(?)] / Rom(a)e ex tr(i)b(uno) volupt[atum 3] / et coniugi eius Iohan[nae 3 a beatissimo] / papa Hormisda et Transm[undo 3] / praep(o)s(i)t(o) bas(ili)c(ae) beati Petri [apostoli 3],Fl Maximo v c con concessum locum Pe Rome ex trb volupt et coniugi eius Iohan papa Hormisda et Transm praepst basc beati Petri,Flavio Maximo viro clarissimo consule concessum locum Petro viro spectabili vicario urbis Romae ex tribuno voluptatum et coniugi eius Iohannae a beatissimo papa Hormisda et Transmundo praeposito basilicae beati Petri apostoli,"['inscriptiones christianae', 'tituli operum', 'tituli sepulcrales']","['mulieres', 'ordo equester', 'sacerdotes christiani', 'viri']",{},Fl Maximo v c con concessum locum Pe Rome ex trb volupt et coniugi eius Iohan papa Hormisda et Transm praepst basc beati Petri,Flavio Maximo viro clarissimo consule concessum locum Petro viro spectabili vicario urbis Romae ex tribuno voluptatum et coniugi eius Iohannae a beatissimo papa Hormisda et Transmundo praeposito basilicae beati Petri apostoli,inscriptiones christianae;  mulieres;  ordo equester;  sacerdotes christiani;  tituli operum;  tituli sepulcrales;  viri,lapis,http://db.edcs.eu/epigr/partner.php?s_language=en&param=ko0035626;J9567;N093648;HD032909;bu_ICUR%26bibl_volume=2%26bibl_subvolume=%26bibl_insc=4184,523.0,523.0,523.0,523.0,41.8933203,12.4829321,http://db.edcs.eu/epigr/bilder.php?bilder.php?s_language=en&bild=PH0003976;pp,523 to 523,,,,
EDCS-11500291,"CIL 10, 01361 = CIL 05, *01008,3 = ILCV 03163a",Latium et Campania / Regio I,Nola,Hic requiescit in pace Urbica quae vixit / ann(os) plus minus XVIII deposita sub die [3] / ind(ictione) XV Imp(eratore) d(o)m(ino) Iustino p(er)p(etuo) Aug(usto) ann(o) [II],Hic requiescit in pace Urbica quae vixit ann plus minus XVIII deposita sub die ind XV Imp dm Iustino pp Aug ann,Hic requiescit in pace Urbica quae vixit annos plus minus XVIII deposita sub die indictione XV Imperatore domino Iustino perpetuo Augusto anno II,"['inscriptiones christianae', 'tituli sepulcrales']",{},{},Hic requiescit in pace Urbica quae vixit ann plus minus XVIII deposita sub die ind XV Imp dm Iustino pp Aug ann,Hic requiescit in pace Urbica quae vixit annos plus minus XVIII deposita sub die indictione XV Imperatore domino Iustino perpetuo Augusto anno II,inscriptiones christianae;  tituli sepulcrales,,http://db.edcs.eu/epigr/partner.php?s_language=en&param=cil05_fva_p89;N131567;cil10_p154,567.0,567.0,567.0,567.0,40.921114,14.5326977,,567 to 567,,,,
EDCS-08500285,"AE 1983, 00402",Etruria / Regio VII,Scorano / Lucus Feroniae,Hoc est palatiu(m) Minerv(a)e / imperatoris civitati(s?) / Menandre / C() D() VII,Hoc est palatiu Minerve imperatoris civitati Menandre C D VII,Hoc est palatium Minervae imperatoris civitatis Menandre C D VII,{},{},{},Hoc est palatiu Minerve imperatoris civitati Menandre C D VII,Hoc est palatium Minervae imperatoris civitatis Menandre C D VII,,lapis,http://db.edcs.eu/epigr/partner.php?s_language=en&param=N079094;HD000473,401.0,600.0,401.0,600.0,42.130914,12.5958082,http://db.edcs.eu/epigr/bilder.php?bilder.php?s_language=en&bild=pp,401 to 600,,,,
EDCS-27100204,"CIL 08, 21795 = ILCV 03670b",Mauretania Caesariensis,Tlemcen / Pomaria,D(is) M(anibus) s(acrum) / in pace / Naila / vix(it) an(n)is / pl(us) minu/s LXXX cui fi/li(i) feceru(nt) / d(o)m(u)m (a)etern/(a)l(e)m a(nno) p(rovinciae) DX,D M s in pace Naila vix anis pl minus LXXX cui fili feceru dmm eternlm a p DX,Dis Manibus sacrum in pace Naila vixit annis plus minus LXXX cui filii fecerunt domum aeternalem anno provinciae DX,"['inscriptiones christianae', 'tituli operum', 'tituli sepulcrales']","['mulieres', 'nomen singulare', 'viri']",{},D M s in pace Naila vix anis pl minus LXXX cui fili feceru dmm eternlm a p DX,Dis Manibus sacrum in pace Naila vixit annis plus minus LXXX cui filii fecerunt domum aeternalem anno provinciae DX,inscriptiones christianae;  mulieres;  nomen singulare;  tituli operum;  tituli sepulcrales;  viri,,http://db.edcs.eu/epigr/partner.php?s_language=en&param=ko0018456;bu_ILCV%26bibl_volume=%26bibl_subvolume=%26bibl_insc=3670b,559.0,559.0,559.0,559.0,34.881789,-1.316699,,559 to 559,,,,
EDCS-08201005,"CIL 09, 00306 = ILCV 00837 (add) = ICI-13, 00046",Apulia et Calabria / Regio II,Bari / Barium,Hoc [tumulo requ]/iescit corpus / Dumnan(a)e filia / Muscati et ma/ter eius Dum/nana q(ui) (h)unc le/gitis orate p(ro) / eis q(ui) (h)unc sepulc/ru(m) ruper(it) CC s(olido)s(?) vi[ribus fisci] / [dabit(?)],Hoc iescit corpus Dumnane filia Muscati et mater eius Dumnana q unc legitis orate p eis q unc sepulcru ruper CC ss vi,Hoc tumulo requiescit corpus Dumnanae filia Muscati et mater eius Dumnana qui hunc legitis orate pro eis qui hunc sepulcrum ruperit CC solidos viribus fisci dabit,"['inscriptiones christianae', 'tituli operum', 'tituli sepulcrales']","['mulieres', 'nomen singulare', 'viri']",{},Hoc iescit corpus Dumnane filia Muscati et mater eius Dumnana q unc legitis orate p eis q unc sepulcru ruper CC ss vi,Hoc tumulo requiescit corpus Dumnanae filia Muscati et mater eius Dumnana qui hunc legitis orate pro eis qui hunc sepulcrum ruperit CC solidos viribus fisci dabit,inscriptiones christianae;  mulieres;  nomen singulare;  tituli operum;  tituli sepulcrales;  viri,,http://db.edcs.eu/epigr/partner.php?s_language=en&param=N026578;cil09_p153;bu_ILCV%26bibl_volume=%26bibl_subvolume=%26bibl_insc=837,501.0,700.0,501.0,700.0,41.1260732,16.8624687,http://db.edcs.eu/epigr/bilder.php?bilder.php?s_language=en&bild=pp,501 to 700,,,,
EDCS-31600143,"SFM 00042 = BJ-1954-156,23 = Terrien-2007, p 161",Germania inferior,Pier,]ur hoc t<u=O>m<u=O>l<o=US> requies[cit] / [dom(i)]na {mna} Cheldofrida / [in] pace nomen eius refuls[it et] / [pro]les clara gra<t=C>ia plen[a obiit] / [in pa]ce ann<o=U>s XXXXV et men[s(es) 3] / [recept]a in dei gloriam ant[e eius] / [ma]<i=G>e[s]tates ubi dom[inum] / [san]ct[i] laudare non c[es]/[san]t cuius obitus po[st] / [d]ies XV de Kalenda[s] / [F]ebruarias,ur hoc tOmOl requies na mna Cheldofrida pace nomen eius refuls les clara graCia plen ce annUs XXXXV et men a in dei gloriam ant Ge tates ubi dom ct laudare non c t cuius obitus po ies XV de Kalenda ebruarias,ur hoc tumuloS requiescit domina Cheldofrida in pace nomen eius refulsit et proles clara gratia plena obiit in pace annos XXXXV et menses recepta in dei gloriam ante eius maiestates ubi dominum sancti laudare non cessant cuius obitus post dies XV de Kalendas Februarias,"['inscriptiones christianae', 'tituli operum', 'tituli sepulcrales']","['mulieres', 'nomen singulare']",{},ur hoc tOmOl requies na mna Cheldofrida pace nomen eius refuls les clara graCia plen ce annUs XXXXV et men a in dei gloriam ant Ge tates ubi dom ct laudare non c t cuius obitus po ies XV de Kalenda ebruarias,ur hoc tumuloS requiescit domina Cheldofrida in pace nomen eius refulsit et proles clara gratia plena obiit in pace annos XXXXV et menses recepta in dei gloriam ante eius maiestates ubi dominum sancti laudare non cessant cuius obitus post dies XV de Kalendas Februarias,inscriptiones christianae;  mulieres;  nomen singulare;  tituli operum;  tituli sepulcrales,lapis,http://db.edcs.eu/epigr/partner.php?s_language=en&param=HD082417,601.0,700.0,601.0,700.0,50.8690869,6.4273838,http://db.edcs.eu/epigr/bilder.php?bilder.php?s_language=en&bild=$SFM_00042.jpg;$OS_SFM_00042_1.jpg;$OS_SFM_00042_2.jpg,601 to 700,,,,
EDCS-11001293,"CIL 13, 07204 = ILCV 03596 = FIM p 078 = Terrien-2007, p 146",Germania superior,Mainz / Mogontiacum,In h<o=U>{n}c tit<u=O>/lo requi<e=I>scit / bon(a)e memori/(a)e Radelindi/s qui(!) vixit in / pace ann<o=U>/s XXV,In hUnc titOlo requiIscit bone memorie Radelindis qui vixit in pace annUs XXV,In hoc titulo requiescit bonae memoriae Radelindis qui vixit in pace annos XXV,"['inscriptiones christianae', 'tituli operum', 'tituli sepulcrales']","['mulieres', 'nomen singulare']",{},In hUnc titOlo requiIscit bone memorie Radelindis qui vixit in pace annUs XXV,In hoc titulo requiescit bonae memoriae Radelindis qui vixit in pace annos XXV,inscriptiones christianae;  mulieres;  nomen singulare;  tituli operum;  tituli sepulcrales,,http://db.edcs.eu/epigr/partner.php?s_language=en&param=bu_CIL%26bibl_volume=13%26bibl_subvolume=%26bibl_insc=7204,601.0,700.0,601.0,700.0,50.0012314,8.2762513,http://db.edcs.eu/epigr/bilder.php?bilder.php?s_language=en&bild=$OS_CIL_13_07204.jpg,601 to 700,,,,
EDCS-03300571,"CIL 02-13, 01302 = HEp 1996, 00062 = AE 1995, 00932",Hispania citerior,"La Camareta, Hellin / Ilunum",]nere n[3] / [3]corrineo [3] / [3]que [3] u[3] dei [3] tenere [3] / [3] emuli [3] / [3]m a[3] / [3] dispesu[3] / [3] mea opresserit iuv[3]n m[3] / [3] timentes illi innocenti[3] vic[3]ris[3] / [3]verun e l[3]uerun emul [3] re[3] / [3]nt [3] / [6] / [6] / [3]crito[3] / [3]tus amen [3] / [3] amen [3] / [3]fe[,nere n corrineo que u dei tenere emuli m a dispesu mea opresserit iuv n m timentes illi innocenti vic ris verun e l uerun emul re nt crito tus amen amen fe,nere n corrineo que u dei tenere emuli m a dispesu mea opresserit iuv n m timentes illi innocenti vic ris verun e l uerun emul re nt crito tus amen amen fe,inscriptiones christianae,viri,{},nere n corrineo que u dei tenere emuli m a dispesu mea opresserit iuv n m timentes illi innocenti vic ris verun e l uerun emul re nt crito tus amen amen fe,nere n corrineo que u dei tenere emuli m a dispesu mea opresserit iuv n m timentes illi innocenti vic ris verun e l uerun emul re nt crito tus amen amen fe,inscriptiones christianae;  viri,rupes,http://db.edcs.eu/epigr/partner.php?s_language=en&param=A15625;HD050775,601.0,700.0,601.0,700.0,38.5106649,-1.6995137,,601 to 700,,,,
EDCS-10900513,"ICI-06, 00003 = AE 2010, +00428",Umbria / Regio VI,Otricoli / Ocriculum,Huc(!) propera festine sacram cognoscere legem aulam qu[a constat(?)] / purgari facta liquore inmersumq(ue) sacris renovatum exsurgere corpus pa[3] / locum ad postquam incipiens meruit tua tecta sacerdos luxq(ue) fulg[3] / haec Marcellus ovans linfis(!) haec facta dicavit longoque miran[s 3],Huc propera festine sacram cognoscere legem aulam qu purgari facta liquore inmersumq sacris renovatum exsurgere corpus pa locum ad postquam incipiens meruit tua tecta sacerdos luxq fulg haec Marcellus ovans linfis haec facta dicavit longo que miran,Huc propera festine sacram cognoscere legem aulam qua constat purgari facta liquore inmersum que sacris renovatum exsurgere corpus pa locum ad postquam incipiens meruit tua tecta sacerdos lux que fulg haec Marcellus ovans linfis haec facta dicavit longo que mirans,"['inscriptiones christianae', 'tituli operum']","['nomen singulare', 'viri']",{},Huc propera festine sacram cognoscere legem aulam qu purgari facta liquore inmersumq sacris renovatum exsurgere corpus pa locum ad postquam incipiens meruit tua tecta sacerdos luxq fulg haec Marcellus ovans linfis haec facta dicavit longo que miran,Huc propera festine sacram cognoscere legem aulam qua constat purgari facta liquore inmersum que sacris renovatum exsurgere corpus pa locum ad postquam incipiens meruit tua tecta sacerdos lux que fulg haec Marcellus ovans linfis haec facta dicavit longo que mirans,inscriptiones christianae;  nomen singulare;  tituli operum;  viri,,http://db.edcs.eu/epigr/partner.php?s_language=en&param=N104420;HD054219;bu_ICI%26bibl_volume=6%26bibl_subvolume=%26bibl_insc=3,571.0,630.0,571.0,630.0,42.4230234,12.4776861,http://db.edcs.eu/epigr/bilder.php?bilder.php?s_language=en&bild=$ICI_06_00003.jpg,571 to 630,,,,
EDCS-30301032,"ICUR-06, 15970,08 = ICUR-06, 15970,10 = Mossong-2022, 00197h",Roma,Roma,Mon(achus) de s(an)c(t)a Cecila / Iordannis cler<i=E>cus ora pro me p[eccatore],Mon de sca Cecila Iordannis clerEcus ora pro me p,Monachus de sancta Cecila Iordannis clericus ora pro me peccatore,"['inscriptiones christianae', 'tituli possessionis']","['nomen singulare', 'sacerdotes christiani', 'viri']",{},Mon de sca Cecila Iordannis clerEcus ora pro me p,Monachus de sancta Cecila Iordannis clericus ora pro me peccatore,inscriptiones christianae;  nomen singulare;  sacerdotes christiani;  tituli possessionis;  viri,tectorium,http://db.edcs.eu/epigr/partner.php?s_language=en&param=J41931;J7602,626.0,800.0,626.0,800.0,41.8933203,12.4829321,http://db.edcs.eu/epigr/bilder.php?bilder.php?s_language=en&bild=pp,626 to 800,,,,
EDCS-38000048,IHC 00393 = ICERV 00357,Hispania citerior,Toledo / Toletum,Templum hoc domine Cixilia condidit / dignam hic habeat sortem in aethera / cum summis civibus cantica praecinat / gaudens perpetuis saeculis omnibus,Templum hoc domine Cixilia condidit dignam hic habeat sortem in aethera cum summis civibus cantica praecinat gaudens perpetuis saeculis omnibus,Templum hoc domine Cixilia condidit dignam hic habeat sortem in aethera cum summis civibus cantica praecinat gaudens perpetuis saeculis omnibus,inscriptiones christianae,{},{},Templum hoc domine Cixilia condidit dignam hic habeat sortem in aethera cum summis civibus cantica praecinat gaudens perpetuis saeculis omnibus,Templum hoc domine Cixilia condidit dignam hic habeat sortem in aethera cum summis civibus cantica praecinat gaudens perpetuis saeculis omnibus,inscriptiones christianae,,http://db.edcs.eu/epigr/partner.php?s_language=en&param=A366;A29977,778.0,778.0,778.0,778.0,39.8561504,-4.0240173,,778 to 778,,,,
EDCS-19700714,"CIL 10, 04525 = ILCV +02349 = ILCV 03460",Latium et Campania / Regio I,Capua / Casilinum,Hic requiescit / in somno pacis / Fermosanus p(res)b(yte)r / credo me resurgere / ante creatore(m) meu(m) / rogo vos omnes / in d(omi)n(o) Ih(es)u Chr(ist)o / [orate] pro me pecca/[tore 3] Kal(endas) / [,Hic requiescit in somno pacis Fermosanus pbr credo me resurgere ante creatore meu rogo vos omnes in dn Ihu Chro pro me pecca Kal,Hic requiescit in somno pacis Fermosanus presbyter credo me resurgere ante creatorem meum rogo vos omnes in domino Ihesu Christo orate pro me peccatore Kalendas,inscriptiones christianae,sacerdotes christiani,{},Hic requiescit in somno pacis Fermosanus pbr credo me resurgere ante creatore meu rogo vos omnes in dn Ihu Chro pro me pecca Kal,Hic requiescit in somno pacis Fermosanus presbyter credo me resurgere ante creatorem meum rogo vos omnes in domino Ihesu Christo orate pro me peccatore Kalendas,inscriptiones christianae;  sacerdotes christiani,,http://db.edcs.eu/epigr/partner.php?s_language=en&param=N127932;cil10_p440,601.0,800.0,601.0,800.0,41.1080196,14.2096653,http://db.edcs.eu/epigr/bilder.php?bilder.php?s_language=en&bild=pp,601 to 800,,,,
EDCS-25500646,"ICUR-06, 15965,1",Roma,Roma,ὁ θεὼς τῇ πρεσβήᾳ / τῶν ἅγον μαρτύρον καὶ τῆς / ἁγήας Ἑλένης σόσων / τούς σου δούλους / Ἰωάννη (καὶ) Θ(ω)μᾶ / μον(αχοὺς) τῆς ἁγ(ί)ας / [,ὁ θεὼς τῇ πρεσβήᾳ τῶν ἅγον μαρτύρον καὶ τῆς ἁγήας Ἑλένης σόσων τούς σου δούλους Ἰωάννη Θμᾶ μον τῆς ἁγας,ὁ θεὼς τῇ πρεσβήᾳ τῶν ἅγον μαρτύρον καὶ τῆς ἁγήας Ἑλένης σόσων τούς σου δούλους Ἰωάννη καὶ Θωμᾶ μοναχοὺς τῆς ἁγίας,"['inscriptiones christianae', 'tituli sepulcrales']",{},{},ὁ θεὼς τῇ πρεσβήᾳ τῶν ἅγον μαρτύρον καὶ τῆς ἁγήας Ἑλένης σόσων τούς σου δούλους Ἰωάννη Θμᾶ μον τῆς ἁγας,ὁ θεὼς τῇ πρεσβήᾳ τῶν ἅγον μαρτύρον καὶ τῆς ἁγήας Ἑλένης σόσων τούς σου δούλους Ἰωάννη καὶ Θωμᾶ μοναχοὺς τῆς ἁγίας,inscriptiones christianae;  tituli sepulcrales,,http://db.edcs.eu/epigr/partner.php?s_language=en&param=J5452,626.0,800.0,626.0,800.0,41.8933203,12.4829321,,626 to 800,,,,
EDCS-34200593,"ICUR-02, 06449,24",Roma,Roma,Leo (h)umilis clericus <v=B>i<v=B>a in d(e)o / semp(er) et tu qui legis ora pro me,Leo umilis clericus BiBa in do semp et tu qui legis ora pro me,Leo humilis clericus viva in deo semper et tu qui legis ora pro me,"['inscriptiones christianae', 'tituli sepulcrales']","['nomen singulare', 'sacerdotes christiani', 'viri']",{},Leo umilis clericus BiBa in do semp et tu qui legis ora pro me,Leo humilis clericus viva in deo semper et tu qui legis ora pro me,inscriptiones christianae;  nomen singulare;  sacerdotes christiani;  tituli sepulcrales;  viri,,http://db.edcs.eu/epigr/partner.php?s_language=en&param=J18965,691.0,725.0,691.0,725.0,41.8933203,12.4829321,,691 to 725,,,,
EDCS-09401062,"AE 1974, 00333",Aemilia / Regio VIII,Montesorbo,Crux Chr(ist)i / vivii(!) i casi / mortuorum / Ie(su)s Chr(istu)s / vincit / scio quia red[emp]/tor meus viv[it] / et in novissim[o die] / per ipsum sci[o] / me esse li<b=V>er[a]/turus,Crux Chri vivii i casi mortuorum Ies Chrs vincit scio quia red tor meus viv et in novissim per ipsum sci me esse liVer turus,Crux Christi vivii i casi mortuorum Iesus Christus vincit scio quia redemptor meus vivit et in novissimo die per ipsum scio me esse liberaturus,inscriptiones christianae,{},{},Crux Chri vivii i casi mortuorum Ies Chrs vincit scio quia red tor meus viv et in novissim per ipsum sci me esse liVer turus,Crux Christi vivii i casi mortuorum Iesus Christus vincit scio quia redemptor meus vivit et in novissimo die per ipsum scio me esse liberaturus,inscriptiones christianae,,http://db.edcs.eu/epigr/partner.php?s_language=en&param=N075840;HD010899,771.0,830.0,771.0,830.0,,,,771 to 830,,,,
EDCS-31600142,"SFM 00041 = Terrien-2007, p 66",Germania inferior,Derichsweiler,C<o=V>nd<i=E>tur hu(n)/[c] tumulum in ba/sil<i=E>ca s(an)c(t)i Gerva/si Godv(i)ne(?) carus / [par]ent<i=E>bus vix/[it,CVndEtur hu tumulum in basilEca sci Gervasi Godvne carus entEbus vixit,Conditur hunc tumulum in basilica sancti Gervasi Godvine carus parentibus vixit,"['inscriptiones christianae', 'tituli operum', 'tituli sepulcrales']","['nomen singulare', 'viri']",{},CVndEtur hu tumulum in basilEca sci Gervasi Godvne carus entEbus vixit,Conditur hunc tumulum in basilica sancti Gervasi Godvine carus parentibus vixit,inscriptiones christianae;  nomen singulare;  tituli operum;  tituli sepulcrales;  viri,,,701.0,900.0,701.0,900.0,50.7984074,6.4308531,http://db.edcs.eu/epigr/bilder.php?bilder.php?s_language=en&bild=$TR_SFM_00041_1.jpg;$SFM_00041.jpg,701 to 900,,,,
EDCS-35701119,"ICUR-04, 09525 = Mossong-2022, 00206",Roma,Roma,[Et]elre[d]i ep(iscopi?) / [H]ilde/bran[3 His]pani Hilde[3] / pe(cc)[at]or O[rosii(?) Hi]spani / [3] Crescentius indignus pr(es)b(y)t(er) Stefanus pr(es)b(yter) p(roto)sc(rinarius) I(o)h(anne)s pr(es)b(yter) Ma[3] / Benedictus pr(es)b(yter) Leo pr(e)sb(yter) [A]deodata mat[er(?)] e(i)us Ioannes p(res)b(yte)r v[es]ter Mercurius [3] / Lupo pr(es)b(yter) [3]ius Corda[3] / Sergius pr(es)b(yter) [3]ndo scrin(arius) hec [3] Georgius pr(es)b(yter) [3] / Boni/fatius / pr(es)b(yter),elre i ep ildebran pani Hilde pe or O spani Crescentius indignus prbt Stefanus prb psc Ihs prb Ma Benedictus prb Leo prsb deodata mat eus Ioannes pbr v ter Mercurius Lupo prb ius Corda Sergius prb ndo scrin hec Georgius prb Bonifatius prb,Etelredi episcopi Hildebran Hispani Hilde peccator Orosii Hispani Crescentius indignus presbyter Stefanus presbyter protoscrinarius Iohannes presbyter Ma Benedictus presbyter Leo presbyter Adeodata mater eius Ioannes presbyter vester Mercurius Lupo presbyter ius Corda Sergius presbyter ndo scrinarius hec Georgius presbyter Bonifatius presbyter,"['inscriptiones christianae', 'tituli possessionis']","['mulieres', 'nomen singulare', 'sacerdotes christiani', 'viri']",{},elre i ep ildebran pani Hilde pe or O spani Crescentius indignus prbt Stefanus prb psc Ihs prb Ma Benedictus prb Leo prsb deodata mat eus Ioannes pbr v ter Mercurius Lupo prb ius Corda Sergius prb ndo scrin hec Georgius prb Bonifatius prb,Etelredi episcopi Hildebran Hispani Hilde peccator Orosii Hispani Crescentius indignus presbyter Stefanus presbyter protoscrinarius Iohannes presbyter Ma Benedictus presbyter Leo presbyter Adeodata mater eius Ioannes presbyter vester Mercurius Lupo presbyter ius Corda Sergius presbyter ndo scrinarius hec Georgius presbyter Bonifatius presbyter,inscriptiones christianae;  mulieres;  nomen singulare;  sacerdotes christiani;  tituli possessionis;  viri,tectorium,http://db.edcs.eu/epigr/partner.php?s_language=en&param=J17562,791.0,825.0,791.0,825.0,41.8933203,12.4829321,,791 to 825,,,,
EDCS-11500297,"CIL 10, 01367 (p 1008) = ILCV 04968 (em) = JIWE-01, 00021",Latium et Campania / Regio I,Nola,Hic requiescit in somno pacis Bonitus filio Stauraci / d(e)f(unctus) Iul(ias) dies XXV Id(us) V // KY NR MṢWH WTWNH ᾿WR,Hic requiescit in somno pacis Bonitus filio Stauraci df Iul dies XXV Id V KY NR MSWH WTWNH ᾿WR,Hic requiescit in somno pacis Bonitus filio Stauraci defunctus Iulias dies XXV Idus V KY NR MSWH WTWNH ᾿WR,inscriptiones christianae,{},{},Hic requiescit in somno pacis Bonitus filio Stauraci df Iul dies XXV Id V KY NR MSWH WTWNH ᾿WR,Hic requiescit in somno pacis Bonitus filio Stauraci defunctus Iulias dies XXV Idus V KY NR MSWH WTWNH ᾿WR,inscriptiones christianae,,http://db.edcs.eu/epigr/partner.php?s_language=en&param=N141055;cil10_p155-08;P177943,801.0,950.0,801.0,950.0,40.921114,14.5326977,,801 to 950,,,,
EDCS-38600077,"ICUR-01, 00057 = AE 2016, +00086",Roma,Roma,Fl(avius) Felicissimus pater Fl(avio) Eutychio Iu[3] / qu<i=L> vixit an(nos) VLII m(enses) VIIII d(ies) VII d(epositus) II<V=L> Kal(endas) N[ov(embres) 3],Fl Felicissimus pater Fl Eutychio Iu quL vixit an VLII m VIIII d VII d IIL Kal N,Flavius Felicissimus pater Flavio Eutychio Iu qui vixit annos VLII menses VIIII dies VII depositus IIV Kalendas Novembres,"['inscriptiones christianae', 'tituli sepulcrales']","['tria nomina', 'viri']",{},Fl Felicissimus pater Fl Eutychio Iu quL vixit an VLII m VIIII d VII d IIL Kal N,Flavius Felicissimus pater Flavio Eutychio Iu qui vixit annos VLII menses VIIII dies VII depositus IIV Kalendas Novembres,inscriptiones christianae;  tituli sepulcrales;  tria nomina;  viri,lapis,http://db.edcs.eu/epigr/partner.php?s_language=en&param=J27423;bu_ICUR%26bibl_volume=1%26bibl_subvolume=%26bibl_insc=57,801.0,900.0,801.0,900.0,41.8933203,12.4829321,http://db.edcs.eu/epigr/bilder.php?bilder.php?s_language=en&bild=pp,801 to 900,,,,
EDCS-82200100,IRT 01209,Africa proconsularis,En-Ngila,[In hoc t]umulo iacet corpus bon(a)e memo/ri(a)e Cora[3]G[3 vix]it in (h)oc s(a)eculo (!) XXVII exit de (h)oc s(a)eculo in anno / VI m(i)ll(esim)o CCCCLXXVII indictio(ne) II in mense Fe<b=U>r(u)arius requiem (a)eterna(m) lu<g=C>(e)at [tibi(?)],umulo iacet corpus bone memorie Cora G it in oc seculo XXVII exit de oc seculo in anno VI mllo CCCCLXXVII indictio II in mense FeUrarius requiem eterna luCat,In hoc tumulo iacet corpus bonae memoriae Cora G vixit in hoc saeculo XXVII exit de hoc saeculo in anno VI millesimo CCCCLXXVII indictione II in mense Februarius requiem aeternam lugeat tibi,"['inscriptiones christianae', 'tituli operum', 'tituli sepulcrales']",{},{},umulo iacet corpus bone memorie Cora G it in oc seculo XXVII exit de oc seculo in anno VI mllo CCCCLXXVII indictio II in mense FeUrarius requiem eterna luCat,In hoc tumulo iacet corpus bonae memoriae Cora G vixit in hoc saeculo XXVII exit de hoc saeculo in anno VI millesimo CCCCLXXVII indictione II in mense Februarius requiem aeternam lugeat tibi,inscriptiones christianae;  tituli operum;  tituli sepulcrales,lapis,http://db.edcs.eu/epigr/partner.php?s_language=en&param=IRT1209.html,969.0,969.0,969.0,969.0,32.7462777,13.0316768,,969 to 969,,,,
EDCS-74800477,In-Scription-02-05-2019,Gallia Narbonensis,Arles / Arelate,veniam(?)] dedit omnibus unam / [3 sol]vere qui potuit / [3] annus culminis huius / [3 don]et in arce poli / [3]oq(ue) sophismate pollens / [3 prae]sulis officio / [,veniam dedit omnibus unam vere qui potuit annus culminis huius et in arce poli oq sophismate pollens sulis officio,veniam dedit omnibus unam solvere qui potuit annus culminis huius donet in arce poli o que sophismate pollens praesulis officio,carmina,officium/professio,{},veniam dedit omnibus unam vere qui potuit annus culminis huius et in arce poli oq sophismate pollens sulis officio,veniam dedit omnibus unam solvere qui potuit annus culminis huius donet in arce poli o que sophismate pollens praesulis officio,carmina;  officium/professio,lapis,,801.0,1100.0,801.0,1100.0,43.6776223,4.6309653,,801 to 1100,,http://in-scription.edel.univ-poitiers.fr/index.php?id=331,,
EDCS-78300405,"ICPC 00135 = Sartori-2020, 00010",Transpadana / Regio XI,Milano / Mediolanum,Walpertus subdiaconus fieri iussit // Hoc fabricavit opus Walp(er)tus amore parentum / orent ut reddat pr(ae)mia digna deus / quod Mediolano multo deferre labore / hic studuit cupiens obtinuisse suo // Vade dormitum / rebuc / carpentum / bona nocte,Walpertus subdiaconus fieri iussit Hoc fabricavit opus Walptus amore parentum orent ut reddat prmia digna deus quod Mediolano multo deferre labore hic studuit cupiens obtinuisse suo Vade dormitum rebuc carpentum bona nocte,Walpertus subdiaconus fieri iussit Hoc fabricavit opus Walpertus amore parentum orent ut reddat praemia digna deus quod Mediolano multo deferre labore hic studuit cupiens obtinuisse suo Vade dormitum rebuc carpentum bona nocte,"['inscriptiones christianae', 'tituli operum']","['nomen singulare', 'sacerdotes christiani', 'viri']",{},Walpertus subdiaconus fieri iussit Hoc fabricavit opus Walptus amore parentum orent ut reddat prmia digna deus quod Mediolano multo deferre labore hic studuit cupiens obtinuisse suo Vade dormitum rebuc carpentum bona nocte,Walpertus subdiaconus fieri iussit Hoc fabricavit opus Walpertus amore parentum orent ut reddat praemia digna deus quod Mediolano multo deferre labore hic studuit cupiens obtinuisse suo Vade dormitum rebuc carpentum bona nocte,inscriptiones christianae;  nomen singulare;  sacerdotes christiani;  tituli operum;  viri,lapis,,901.0,1000.0,901.0,1000.0,45.4674989,9.1903381,http://db.edcs.eu/epigr/bilder.php?bilder.php?s_language=en&bild=$Sartori-2020_00010_1.jpg;$Sartori-2020_00010_2.jpg;$Sartori-2020_00010_3.jpg;$Sartori-2020_00010_4.jpg;$ICPC_00135_1.jpg;$ICPC_00135_2.jpg,901 to 1000,,"crux, auf einer cinerarium des 2. Jahrhunderts",,
EDCS-82200096,IRT 01205,Africa proconsularis,En-Ngila,[In hoc tumulo iacet corpus bonae memoriae 3 vixit] / [plus minus] in hoc s(ae)c(u)lo annos [3 sub qua]r[t]adecima [die mensis 3] in anno [VI mill(esim)o] / DXXVIIII indi[c(tione)] quarta migra<v=B>it de hoc s(ae)c(u)lo requiem (a)eterna[m] / (h)abeat et [vita]m (a)ete[rna]m pos[sidea]t cum s(an)c(t)is et electis am(en),in hoc sclo annos r adecima in anno DXXVIIII indi quarta migraBit de hoc sclo requiem eterna abeat et m ete m pos t cum scis et electis am,In hoc tumulo iacet corpus bonae memoriae vixit plus minus in hoc saeculo annos sub quartadecima die mensis in anno VI millesimo DXXVIIII indictione quarta migravit de hoc saeculo requiem aeternam habeat et vitam aeternam possideat cum sanctis et electis amen,"['inscriptiones christianae', 'tituli operum', 'tituli sepulcrales']",{},{},in hoc sclo annos r adecima in anno DXXVIIII indi quarta migraBit de hoc sclo requiem eterna abeat et m ete m pos t cum scis et electis am,In hoc tumulo iacet corpus bonae memoriae vixit plus minus in hoc saeculo annos sub quartadecima die mensis in anno VI millesimo DXXVIIII indictione quarta migravit de hoc saeculo requiem aeternam habeat et vitam aeternam possideat cum sanctis et electis amen,inscriptiones christianae;  tituli operum;  tituli sepulcrales,lapis,http://db.edcs.eu/epigr/partner.php?s_language=en&param=IRT1205.html,1021.0,1021.0,1021.0,1021.0,32.7462777,13.0316768,,1021 to 1021,,,,
EDCS-82200104,IRT 01213,Africa proconsularis,En-Ngila,[In hoc] tumulo ia<c=K>et <c=K>orpus bon(a)e memori(a)e ab(b)a Petrus mon(ach)u(s) / <v=B>ixit in pa<c=K>e annos plus minus LXXV re<c=K>essit de (h)o<c=K> s(a)e/<c=K>ulo sub die XXI indictionis X requiem (a)eternam det / tibi dominus et l(u)x perpetua lu<g=K>eat tibi indulgentia // S(an)<c=K>(tu)s s(an)<c=K>(tu)s s(an)<c=K>(tu)s d(omi)n(u)s d(eu)s Sabaoth S(an)<c=K>(tu)s S(an)<c=K>(tu)s,tumulo iaKet Korpus bone memorie aba Petrus monu Bixit in paKe annos plus minus LXXV reKessit de oK seKulo sub die XXI indictionis X requiem eternam det tibi dominus et lx perpetua luKeat tibi indulgentia SKs sKs sKs dns ds Sabaoth SKs SKs,In hoc tumulo iacet corpus bonae memoriae abba Petrus monachus vixit in pace annos plus minus LXXV recessit de hoc saeculo sub die XXI indictionis X requiem aeternam det tibi dominus et lux perpetua lugeat tibi indulgentia Sanctus sanctus sanctus dominus deus Sabaoth Sanctus Sanctus,"['inscriptiones christianae', 'tituli operum', 'tituli sepulcrales']","['nomen singulare', 'sacerdotes christiani', 'viri']",{},tumulo iaKet Korpus bone memorie aba Petrus monu Bixit in paKe annos plus minus LXXV reKessit de oK seKulo sub die XXI indictionis X requiem eternam det tibi dominus et lx perpetua luKeat tibi indulgentia SKs sKs sKs dns ds Sabaoth SKs SKs,In hoc tumulo iacet corpus bonae memoriae abba Petrus monachus vixit in pace annos plus minus LXXV recessit de hoc saeculo sub die XXI indictionis X requiem aeternam det tibi dominus et lux perpetua lugeat tibi indulgentia Sanctus sanctus sanctus dominus deus Sabaoth Sanctus Sanctus,inscriptiones christianae;  nomen singulare;  sacerdotes christiani;  tituli operum;  tituli sepulcrales;  viri,lapis,http://db.edcs.eu/epigr/partner.php?s_language=en&param=IRT1213.html,951.0,1050.0,951.0,1050.0,32.7462777,13.0316768,,951 to 1050,,crux,,
EDCS-82200095,IRT 01204,Africa proconsularis,En-Ngila,In hoc tumulo ia<c=K>et <c=K>orpus bon(a)e memori(a)e Fokio[n(?) 3] / miseri<c=K>ordia d(e)i plus minus annos L re<c=K>essit de (h)o<c=K> s(a)e<c=K>ulo [sub die me]/sis <v=B>i<c=K>e{i}sima De<c=K>embre indi<c=K>tio(ne) o<c=K>ta<v=B>a req(u)iem (a)eternam det tibi d(omi)n(u)s / et l(u)x perpetua l(u)<g=K>eat tibi ossa arida resurgetis et <v=B>i<v=B>etis et <v=B>(i)debitis ma<i=G>e/statem d(omi)n(u)i // Saba(oth) // D(ominu)s d(eu)s // Χ(ρ)ι(στό)ς,In hoc tumulo iaKet Korpus bone memorie Fokio miseriKordia di plus minus annos L reKessit de oK seKulo sis BiKeisima DeKembre indiKtio oKtaBa reqiem eternam det tibi dns et lx perpetua lKeat tibi ossa arida resurgetis et BiBetis et Bdebitis maGestatem dni Saba Ds ds Χις,In hoc tumulo iacet corpus bonae memoriae Fokion misericordia dei plus minus annos L recessit de hoc saeculo sub die mesis vicesima Decembre indictione octava requiem aeternam det tibi dominus et lux perpetua lugeat tibi ossa arida resurgetis et vivetis et videbitis maiestatem dominui Sabaoth Dominus deus Χριστός,"['inscriptiones christianae', 'tituli operum', 'tituli sepulcrales']","['nomen singulare', 'viri']",{},In hoc tumulo iaKet Korpus bone memorie Fokio miseriKordia di plus minus annos L reKessit de oK seKulo sis BiKeisima DeKembre indiKtio oKtaBa reqiem eternam det tibi dns et lx perpetua lKeat tibi ossa arida resurgetis et BiBetis et Bdebitis maGestatem dni Saba Ds ds Χις,In hoc tumulo iacet corpus bonae memoriae Fokion misericordia dei plus minus annos L recessit de hoc saeculo sub die mesis vicesima Decembre indictione octava requiem aeternam det tibi dominus et lux perpetua lugeat tibi ossa arida resurgetis et vivetis et videbitis maiestatem dominui Sabaoth Dominus deus Χριστός,inscriptiones christianae;  nomen singulare;  tituli operum;  tituli sepulcrales;  viri,lapis,,971.0,1050.0,971.0,1050.0,32.7462777,13.0316768,,971 to 1050,,crux,,
EDCS-38700101,IHC 00212 = CIPTP p 288,Lusitania,Celorico de Basto,V(enerabilis) f(rater) d(ominus) Munius Monis h(ic) i(a)cet / in suo assisterio (a)era MLXXII,V f d Munius Monis h icet in suo assisterio era MLXXII,Venerabilis frater dominus Munius Monis hic iacet in suo assisterio aera MLXXII,"['inscriptiones christianae', 'tituli sepulcrales']","['tria nomina', 'viri']",{},V f d Munius Monis h icet in suo assisterio era MLXXII,Venerabilis frater dominus Munius Monis hic iacet in suo assisterio aera MLXXII,inscriptiones christianae;  tituli sepulcrales;  tria nomina;  viri,lapis,,1034.0,1034.0,1034.0,1034.0,41.3879363,-8.0002089,,1034 to 1034,,,,
EDCS-82200097,IRT 01206,Africa proconsularis,En-Ngila,[O] <v=B>os omnes [qui transitis per] / <v=B>iam aspicite et <v=B>idetis IFA [si est do]/lo(r) (veste)r qualis e(st) dolor meus,Bos omnes Biam aspicite et Bidetis IFA lo r qualis e dolor meus,O vos omnes qui transitis per viam aspicite et videtis IFA si est dolor vester qualis est dolor meus,"['inscriptiones christianae', 'tituli sepulcrales']",{},{},Bos omnes Biam aspicite et Bidetis IFA lo r qualis e dolor meus,O vos omnes qui transitis per viam aspicite et videtis IFA si est dolor vester qualis est dolor meus,inscriptiones christianae;  tituli sepulcrales,lapis,http://db.edcs.eu/epigr/partner.php?s_language=en&param=IRT1206.html,951.0,1050.0,951.0,1050.0,32.7462777,13.0316768,,951 to 1050,,,,
EDCS-41800130,IBC 00130,Britannia,Llanfihangel yng Ngwynfa / Llanfihangel,H(oc) est sepulcrum Wleder matris / Odelev qui primum (a)edificav[it] / hanc ec(c)lesia(m) / in t(e)mpore Ewini regis,H est sepulcrum Wleder matris Odelev qui primum edificav hanc eclesia in tmpore Ewini regis,Hoc est sepulcrum Wleder matris Odelev qui primum aedificavit hanc ecclesiam in tempore Ewini regis,"['inscriptiones christianae', 'reges', 'tituli operum']","['mulieres', 'viri']",{},H est sepulcrum Wleder matris Odelev qui primum edificav hanc eclesia in tmpore Ewini regis,Hoc est sepulcrum Wleder matris Odelev qui primum aedificavit hanc ecclesiam in tempore Ewini regis,inscriptiones christianae;  mulieres;  reges;  tituli operum;  viri,lapis,,1169.0,1169.0,1169.0,1169.0,52.741516,-3.3633223,,1169 to 1169,,DOI:10.36204/edcsj-006-202102 p. 17,,
EDCS-35802682,"ICUR-05, 14036",Roma,Roma,Morib(us) ing(enio) [pie]tate fideq(ue) decorus / Asteriu[s posit]us hic re[q]uiem meru[it] // ἤθεσι καὶ πινυτᾶ μεμελήμενος εὐσεβίῃ [τε] / Ἀστέρεος γαίῃ κάθθετο τῇδε δέμας // depositus Idibus Ianuariis in pace,Morib ing tate fideq decorus Asteriu us hic re uiem meru ἤθεσι καὶ πινυτᾶ μεμελήμενος εὐσεβίῃ Ἀστέρεος γαίῃ κάθθετο τῇδε δέμας depositus Idibus Ianuariis in pace,Moribus ingenio pietate fide que decorus Asterius positus hic requiem meruit ἤθεσι καὶ πινυτᾶ μεμελήμενος εὐσεβίῃ τε Ἀστέρεος γαίῃ κάθθετο τῇδε δέμας depositus Idibus Ianuariis in pace,"['inscriptiones christianae', 'tituli sepulcrales']","['nomen singulare', 'viri']",{},Morib ing tate fideq decorus Asteriu us hic re uiem meru ἤθεσι καὶ πινυτᾶ μεμελήμενος εὐσεβίῃ Ἀστέρεος γαίῃ κάθθετο τῇδε δέμας depositus Idibus Ianuariis in pace,Moribus ingenio pietate fide que decorus Asterius positus hic requiem meruit ἤθεσι καὶ πινυτᾶ μεμελήμενος εὐσεβίῃ τε Ἀστέρεος γαίῃ κάθθετο τῇδε δέμας depositus Idibus Ianuariis in pace,inscriptiones christianae;  nomen singulare;  tituli sepulcrales;  viri,,http://db.edcs.eu/epigr/partner.php?s_language=en&param=J9204;m|appe|571,301.0,400.0,301.0,400.0,41.8933203,12.4829321,,301 to 400,,,,
EDCS-38600390,"ICUR-01, 00408",Roma,Roma,[3]ae bene merenti / [3 quae] vixit annis LXX et / [3 di]e(bu)s XII d(eposita) die prid(ie) Id(us) Feb(ruarias),ae bene merenti vixit annis LXX et es XII d die prid Id Feb,ae bene merenti quae vixit annis LXX et diebus XII deposita die pridie Idus Februarias,"['inscriptiones christianae', 'tituli sepulcrales']",{},{},ae bene merenti vixit annis LXX et es XII d die prid Id Feb,ae bene merenti quae vixit annis LXX et diebus XII deposita die pridie Idus Februarias,inscriptiones christianae;  tituli sepulcrales,,http://db.edcs.eu/epigr/partner.php?s_language=en&param=J28144,301.0,400.0,301.0,400.0,41.8933203,12.4829321,,301 to 400,,,,
EDCS-38100675,"ICUR-02, 05091 = ILCV 03159a",Roma,Roma,Hic req[uiesc]it in pace Luminusus qui vi<x=S>it / ann<o=V>s pl(us) m(inus) [3] dep(ositus) VIII A(u)gust(as) XV p(ost) c(onsulatum) Basili v(iri) c(larissimi),Hic req it in pace Luminusus qui viSit annVs pl m dep VIII Agust XV p c Basili v c,Hic requiescit in pace Luminusus qui vixit annos plus minus depositus VIII Augustas XV post consulatum Basili viri clarissimi,"['inscriptiones christianae', 'tituli sepulcrales']","['nomen singulare', 'viri']",{},Hic req it in pace Luminusus qui viSit annVs pl m dep VIII Agust XV p c Basili v c,Hic requiescit in pace Luminusus qui vixit annos plus minus depositus VIII Augustas XV post consulatum Basili viri clarissimi,inscriptiones christianae;  nomen singulare;  tituli sepulcrales;  viri,,http://db.edcs.eu/epigr/partner.php?s_language=en&param=bu_ICUR%26bibl_volume=2%26bibl_subvolume=%26bibl_insc=5091,301.0,500.0,301.0,500.0,41.8933203,12.4829321,http://db.edcs.eu/epigr/bilder.php?bilder.php?s_language=en&bild=$ICUR_02_05091.jpg,301 to 500,,,,
EDCS-32900471,"ICUR-06, 17252 = ILCV 02792 (em) = ICaRoma 00013 = Carletti-2008, 00096 = AE 2010, +00166",Roma,Roma,Lepusc(u)lus Leo / qui vixit an(n)um / et mens<e=I>s undeci(m) / et dies dece(m) et nove(m) / peri(i)t septimu(m) <K=C>a/lendas Augustas / (H)onorio sexi(e)s A(u)gusto,Lepusclus Leo qui vixit anum et mensIs undeci et dies dece et nove perit septimu Calendas Augustas onorio sexis Agusto,Lepusculus Leo qui vixit annum et menses undecim et dies decem et novem periit septimum Kalendas Augustas Honorio sexies Augusto,"['inscriptiones christianae', 'tituli sepulcrales']","['tria nomina', 'viri']",{},Lepusclus Leo qui vixit anum et mensIs undeci et dies dece et nove perit septimu Calendas Augustas onorio sexis Agusto,Lepusculus Leo qui vixit annum et menses undecim et dies decem et novem periit septimum Kalendas Augustas Honorio sexies Augusto,inscriptiones christianae;  tituli sepulcrales;  tria nomina;  viri,,http://db.edcs.eu/epigr/partner.php?s_language=en&param=J8725;bu_ILCV%26bibl_volume=%26bibl_subvolume=%26bibl_insc=2792,404.0,404.0,404.0,404.0,41.8933203,12.4829321,http://db.edcs.eu/epigr/bilder.php?bilder.php?s_language=en&bild=$Carletti-01_00096.jpg;pp,404 to 404,,,,
EDCS-72300007,"Camodeca-2017a, p 89,2 = AE 2017, 00250",Latium et Campania / Regio I,Teano / Teanum Sidicinum,[Hic requiesc]it in pace s(an)c(tae) [m(emoriae)] / [3] p(res)b(yter) qui vixit / [annos p(lus) m(inus) 3 de]positus sub d(ie) / [3 p(ost) c(onsulatum) Basi]li v(iri) c(larissimi) co(n)s(ulis),it in pace sc pb qui vixit positus sub d li v c cos,Hic requiescit in pace sanctae memoriae presbyter qui vixit annos plus minus depositus sub die post consulatum Basili viri clarissimi consulis,"['inscriptiones christianae', 'tituli sepulcrales']","['sacerdotes christiani', 'viri']",{},it in pace sc pb qui vixit positus sub d li v c cos,Hic requiescit in pace sanctae memoriae presbyter qui vixit annos plus minus depositus sub die post consulatum Basili viri clarissimi consulis,inscriptiones christianae;  sacerdotes christiani;  tituli sepulcrales;  viri,lapis,http://db.edcs.eu/epigr/partner.php?s_language=en&param=N165145,547.0,547.0,547.0,547.0,41.2510841,14.0671513,http://db.edcs.eu/epigr/bilder.php?bilder.php?s_language=en&bild=$Camodeca-04-89.jpg,547 to 547,,,,
EDCS-20600882,"CIL 06, 01796d,009 = CIL 06, 01796d,030 = CIL 06, 01796d,043 = CIL 06, 01796d,048 = CIL 06, 01796d,054 = CIL 06, 01796d,056 = CIL 06, 01796d,065 = CIL 06, 01796d,077 = CIL 06, 32186 = CIL 06, 32239a-c = EAOR-06, 00017,025a = EAOR-06, 00017,025d-o",Roma,Roma,[3][[[3 v(ir?)] c(larissimus)]] // [3]rini C<hr=RH>saori v(iri) c(larissimi) e[t 3] // Mari Proculi Aemiliani [3] // [[Iun[3]i]][3] // [[A[3]]] // [[6]] // [[[3]s et [3]]] // [3][[PR]][3] // [3][[PR]][3] // [[[3]CO[3]]][3] // ]]S[3]I]][3],rini Csaori v c e Mari Proculi Aemiliani Iun A s et CO S,vir clarissimus rini ChrHsaori viri clarissimi et Mari Proculi Aemiliani Iun i A s et PR PR CO S I,tituli possessionis,"['ordo senatorius', 'tria nomina', 'viri']",litterae erasae,rini Csaori v c e Mari Proculi Aemiliani Iun A s et CO S,vir clarissimus rini ChrHsaori viri clarissimi et Mari Proculi Aemiliani Iun i A s et PR PR CO S I,litterae erasae;  ordo senatorius;  tituli possessionis;  tria nomina;  viri,lapis,http://db.edcs.eu/epigr/partner.php?s_language=en&param=N171872,371.0,500.0,371.0,500.0,41.8933203,12.4829321,,371 to 500,,,,
